1,16,goochie.nirate,app/images/picture-samples/motor-motives.png,9123478956,goochie.nirate@gmail.com,1234567,1234,1,1,1,street-1,unit-1,"14.567183, 121.09316190000005",goochie.nirate.com,Data Encoder,1,remarks01
2,2,biskits.dossa,app/images/picture-samples/travel-company-logo.jpg,9123478957,biskits.dossa@gmail.com,1234568,2345,1,1,1,street-2,unit-2,"14.567186, 121.09316190000001",biskits.dossa.com,Wall Painter,1,remarks02
3,3,jona.triogo,app/images/service-tools/l-atv.jpg,9123478958,jona.triogo@gmail.com,1234569,3456,1,1,1705,street-3,unit-3,"14.567183, 121.09316190000005",jona.triogo.com,Auto Mechanic,1,remarks03
4,4,quinto.aguman,app/images/service-tools/l-surf.jpg,9123478959,quinto.aguman@gmail.com,1234570,4567,1,2,1,street-4,unit-4,"14.567186, 121.09316190000001",quinto.aguman.com,Photographer,1,remarks04
5,5,hannah.pretty,app/images/service-tools/l-heavy.jpg,9123478960,hannah.pretty@gmail.com,1234571,5678,5,5,5,street-5,unit-5,"14.567183, 121.09316190000005",hannah.pretty.com,Programmer,1,remarks05
6,6,rita.auina,,9123478961,rita.auina@gmail.com,1234572,6789,6,6,6,street-6,unit-6,"14.567186, 121.09316190000001",rita.auina.com,Landscape Designer,1,remarks06
7,7,ganjo.binna,,9123478962,ganjo.binna@gmail.com,1234573,7900,7,7,7,street-7,unit-7,"14.567183, 121.09316190000005",ganjo.binna.com,Tour Guide,1,remarks07
8,8,eban.vasquez,,9123478963,eban.vasquez@gmail.com,1234574,9011,8,8,8,street-8,unit-8,"14.567186, 121.09316190000001",eban.vasquez.com,Gardener,2,remarks08
9,9,nuebe.mikanta,app/images/picture-samples/taxi-driver.png,9123478964,nuebe.mikanta@gmail.com,1234575,10122,9,9,9,street-9,unit-9,"14.567183, 121.09316190000005",nuebe.mikanta.com,Auto Body Painter,2,remarks09
10,10,diego.legarda,,9234567898,diego.legarda@gmail.com,1234576,11233,10,10,10,street-10,unit-10,"14.567186, 121.09316190000001",diego.legarda.com,Cook,2,remarks10
11,11,vista.nomanog,app/images/picture-samples/construction-company-logo.png,9123478966,vista.nomanog@gmail.com,1234577,12344,1,1,1705,street-11,unit-11,"14.567183, 121.09316190000005",vista.nomanog.com,Mason,2,remarks11
12,12,zircon.bestonis,app/images/picture-samples/gadgets-for-good.png,9123478967,zircon.bestonis@gmail.com,1234578,13455,1,1,1705,street-12,unit-12,"14.567186, 121.09316190000001",zircon.bestonis.com,Draftsman,2,remarks12
13,13,kendie.unikal,app/images/service-tools/logohere.jpg,9123478968,kendie.unikal@gmail.com,1234579,14566,1,1,1705,street-13,unit-13,"14.567183, 121.09316190000005",kendie.unikal.com,Video Editor,2,remarks13
14,14,lista.fenossa,,9123478969,lista.fenossa@gmail.com,1234580,15677,14,14,1706,street-14,unit-14,"14.567186, 121.09316190000001",lista.fenossa.com,Pest Control,2,remarks14
15,15,patty.lenosao,,9123478970,patty.lenosao@gmail.com,1234581,16788,15,15,15,street-15,unit-15,"14.567183, 121.09316190000005",patty.lenosao.com,Sales Representative,2,remarks15
